[
    {
        "id": 1,
        "image": "https://images.unsplash.com/photo-1629003955089-5c43fcc66c68?ixlib=rb-1.2.1&ixid=MnwxMjA3fDB8MHxwaG90by1wYWdlfHx8fGVufDB8fHx8&auto=format&fit=crop&w=764&q=80",
        "userImage": "https://images.unsplash.com/photo-1507003211169-0a1dd7228f2d?ixlib=rb-1.2.1&ixid=MnwxMjA3fDB8MHxwaG90by1wYWdlfHx8fGVufDB8fHx8&auto=format&fit=crop&w=687&q=80",
        "description": "Lorem, ipsum dolor sit amet consectetur adipisicing elit. Corrupti commodi reiciendis vitae non, eos illum fugit tempore dolor deleniti architecto porro accusantium. Vel aliquid, minus obcaecati voluptatum vero suscipit consectetur!",
        "comments": [
            {
                "user": "john29",
                "text": "This is great. you are absolutely right. Don't stop!"
            }
        ]
    },
    {
        "id": 2,
        "image": "https://images.unsplash.com/photo-1646548851235-0321e69f812f?ixlib=rb-1.2.1&ixid=MnwxMjA3fDB8MHxwaG90by1wYWdlfHx8fGVufDB8fHx8&auto=format&fit=crop&w=1332&q=80",
        "userImage": "https://images.unsplash.com/photo-1507003211169-0a1dd7228f2d?ixlib=rb-1.2.1&ixid=MnwxMjA3fDB8MHxwaG90by1wYWdlfHx8fGVufDB8fHx8&auto=format&fit=crop&w=687&q=80",
        "description": "Lorem, ipsum dolor sit amet",
        "comments": [
            {
                "user": "rick01",
                "text": "Take some ❤."
            }
        ]
    },
    {
        "id": 3,
        "image": "https://images.unsplash.com/photo-1646529025448-bd47d2428161?ixlib=rb-1.2.1&ixid=MnwxMjA3fDB8MHxwaG90by1wYWdlfHx8fGVufDB8fHx8&auto=format&fit=crop&w=687&q=80",
        "userImage": "https://images.unsplash.com/photo-1507003211169-0a1dd7228f2d?ixlib=rb-1.2.1&ixid=MnwxMjA3fDB8MHxwaG90by1wYWdlfHx8fGVufDB8fHx8&auto=format&fit=crop&w=687&q=80",
        "description": "Lorem, ipsum dolor sit amet consectetur adipisicing elit. Corrupti commodi reiciendis vitae non, eos illum fugit tempore dolor deleniti architecto porro accusantium. Vel aliquid, minus obcaecati voluptatum vero suscipit consectetur!",
        "comments": [
            {
                "user": "john43",
                "text": "Awesome!"
            }
        ]
    },
    {
        "id": 4,
        "image": "https://images.unsplash.com/photo-1629003955089-5c43fcc66c68?ixlib=rb-1.2.1&ixid=MnwxMjA3fDB8MHxwaG90by1wYWdlfHx8fGVufDB8fHx8&auto=format&fit=crop&w=764&q=80",
        "userImage": "https://images.unsplash.com/photo-1507003211169-0a1dd7228f2d?ixlib=rb-1.2.1&ixid=MnwxMjA3fDB8MHxwaG90by1wYWdlfHx8fGVufDB8fHx8&auto=format&fit=crop&w=687&q=80",
        "description": "Lorem, ipsum dolor sit!",
        "comments": [
            {
                "user": "john29",
                "text": "This is great. you are absolutely right. Don't stop!"
            }
        ]
    },
    {
        "id": 5,
        "image": "https://images.unsplash.com/photo-1629003955089-5c43fcc66c68?ixlib=rb-1.2.1&ixid=MnwxMjA3fDB8MHxwaG90by1wYWdlfHx8fGVufDB8fHx8&auto=format&fit=crop&w=764&q=80",
        "userImage": "https://images.unsplash.com/photo-1507003211169-0a1dd7228f2d?ixlib=rb-1.2.1&ixid=MnwxMjA3fDB8MHxwaG90by1wYWdlfHx8fGVufDB8fHx8&auto=format&fit=crop&w=687&q=80",
        "description": "Lorem, ipsum dolor sit amet consectetur adipisicing elit. Corrupti commodi reiciendis vitae non, eos illum fugit tempore dolor deleniti architecto porro accusantium. Vel aliquid, minus obcaecati voluptatum vero suscipit consectetur!",
        "comments": [
            {
                "user": "john29",
                "text": "This is great. you are absolutely right. Don't stop!"
            }
        ]
    }
]